num_documento,usuario_registro,fecha_registro,hora_registro,importe
1900200001,MGARCIA,2026-03-02,09:15:00,12500.00
1900200002,MGARCIA,2026-03-03,10:40:21,8200.50
1900200003,ALOPEZ,2026-03-02,11:05:10,3400.00
1900200004,ALOPEZ,2026-03-04,16:20:45,15000.00
1900200005,CMENDEZ,2026-03-05,09:50:00,1250.00
1900200006,CMENDEZ,2026-03-06,14:10:30,4300.00
1900200007,JPEREZ,2026-03-09,08:30:00,990.00
1900200008,JPEREZ,2026-03-10,13:45:12,7600.00
1900200009,LHERNANDEZ,2026-03-11,17:55:00,2100.00
1900200010,LHERNANDEZ,2026-03-12,10:00:00,560.00
1900200011,MGARCIA,2026-03-13,18:30:00,6400.00
1900200012,ALOPEZ,2026-03-17,09:05:00,1800.00
1900200013,RTORRES,2026-03-02,09:30:00,3000.00
1900200014,RTORRES,2026-03-05,12:00:00,2750.00
1900200015,RTORRES,2026-03-10,15:20:00,4900.00
1900200016,RTORRES,2026-03-12,11:11:11,4850.00
1900200017,RTORRES,2026-03-07,23:15:00,4990.00
1900200018,RTORRES,2026-03-08,02:40:12,4975.00
1900200019,RTORRES,2026-03-11,22:05:00,4950.00
1900200020,RTORRES,2026-03-17,03:30:00,4999.00
1900200021,ALOPEZ,2026-03-14,10:20:00,9800.00
1900200022,MGARCIA,2026-03-16,11:00:00,5200.00
1900200023,JPEREZ,2026-03-18,19:45:00,1300.00
