sociedad,ejercicio,num_documento,clase_documento,fecha_documento,referencia,cuenta,importe,moneda,usuario_registro
1000,2026,1900000001,KR,2026-03-02,FAC-1001,PROV-A,15000.00,MXN,MGARCIA
1000,2026,1900000002,KR,2026-03-03,FAC-1001,PROV-A,15000.00,MXN,MGARCIA
1000,2026,1900000003,KR,2026-03-05,FAC-2002,PROV-B,8200.50,MXN,ALOPEZ
1000,2026,1900000004,KR,2026-03-05,FAC-2002A,PROV-B,8200.50,MXN,ALOPEZ
1000,2026,1900000005,SA,2026-03-10,POL-77,CTA-5100,1250.00,MXN,CMENDEZ
1000,2026,1900000005,SA,2026-03-10,POL-77,CTA-5100,1250.00,MXN,CMENDEZ
2000,2026,1900000007,KR,2026-04-01,FAC-9001,PROV-C,4300.00,MXN,JPEREZ
2000,2026,1900000008,KR,2026-04-02,FAC-9002,PROV-C,4300.00,MXN,JPEREZ
1000,2026,1900000009,KR,2026-04-10,fac-1001 ,PROV-A,15000.00,MXN,LHERNANDEZ
1000,2026,1900000010,KR,2026-05-02,INV-55,PROV-D,3000.00,USD,RTORRES
1000,2026,1900000011,KR,2026-05-02,INV-55,PROV-D,3000.00,MXN,RTORRES
